{
  "정문": [
    37.46568,
    126.94831
  ],
  "중앙도서관": [
    37.46801,
    126.94669
  ],
  "행정관": [
    37.46079,
    126.95012
  ],
  "공학관": [
    37.45523,
    126.94984
  ],
  "농생대": [
    37.457,
    126.94929
  ],
  "경영대": [
    37.46588,
    126.9511
  ],
  "관악사사거리": [
    37.46077,
    126.95665
  ],
  "수의대": [
    37.4661,
    126.9546
  ],
  "법학관": [
    37.46318,
    126.94908
  ],
  "자연대": [
    37.46013,
    126.94896
  ]
}