{"chargers": [[37.45661448, 126.9457969, "관악산 무장애숲길"], [37.47306731, 126.9603153, "관악구민체육센터"], [37.46803806, 126.9592943, "서울대학교"], [37.47360545, 126.9598465, "전동휠체어연습장"]], "sound_signals": [[37.46848556239229, 126.9461910569608], [37.468776133055, 126.94638946490879], [37.47000545789415, 126.94481137380058], [37.46967104626583, 126.9445528855625], [37.46973235066351, 126.95189278849746], [37.469679763657574, 126.95217120143728], [37.47456409219616, 126.95278248070372], [37.467628133997124, 126.94931229060671], [37.47465237063367, 126.95304160535463], [37.472818155781226, 126.95881699273413], [37.47273944160476, 126.95894066149718], [37.46731965377689, 126.94959116609773], [37.47061539463139, 126.94155692107023], [37.47099104799788, 126.9414206893375]], "crosswalks": [[37.4691906369925, 126.94477045461709], [37.472017872466886, 126.95850909393047], [37.46859644050692, 126.95807812906871], [37.46843708541478, 126.95868451285557], [37.466620259780456, 126.94826769994481], [37.472725577474264, 126.95293653634312], [37.467948664413186, 126.95777995043922], [37.468485974511765, 126.95801103135534], [37.46873201206698, 126.95786764770679], [37.47091144025467, 126.94062575898299], [37.470592321231685, 126.94136693681101], [37.47060962820025, 126.94147285646305], [37.47095198683914, 126.94142171890896], [37.464837276649895, 126.95778632400999], [37.47254534093481, 126.95890360809634], [37.47465871895225, 126.9590201312798], [37.47345491315859, 126.95228922503492], [37.47353868697238, 126.95296479102167], [37.468760594093055, 126.94640547197602], [37.46686628986008, 126.95768200265947], [37.465404868640306, 126.95791254234048], [37.468194998792335, 126.96105314829335], [37.46985968912086, 126.95830831176607], [37.47286388537971, 126.95286472214697], [37.474622037969695, 126.963230266761], [37.46866587607342, 126.94056232776404], [37.468582618728135, 126.94041417614561], [37.468632849185475, 126.94039335143147], [37.47111306706211, 126.9582460754738], [37.468473245917956, 126.94607361595271], [37.46999931227072, 126.94480942519418], [37.46987916239503, 126.95801095862016], [37.46894301505069, 126.94633115740037], [37.46776792374482, 126.94925322514553], [37.4745624418879, 126.95278130713922], [37.4687150921831, 126.94074296028454], [37.467791376174084, 126.94879168378581], [37.472817862036415, 126.95880454132167], [37.47448199659516, 126.95159343745505], [37.47447119859033, 126.9513535640441], [37.467618001554065, 126.94940226198554], [37.46811955847339, 126.95100173490418], [37.46982362311635, 126.95191526128417], [37.474554705065216, 126.95307339781873], [37.474506762567415, 126.95273330503719], [37.468388660706275, 126.94698796650684], [37.47355031765188, 126.9532460049011]], "cctv": [[37.46831654, 126.9456034], [37.46824624, 126.945476], [37.46185796, 126.9479584], [37.4609092, 126.9481996], [37.45796926, 126.9464133], [37.45560656, 126.9453963], [37.45641695, 126.9461288], [37.47472773, 126.9493561], [37.47469864, 126.9482464], [37.4666724, 126.9470937], [37.45853189, 126.946999], [37.45887888, 126.947301], [37.46685449, 126.9443101], [37.47480181, 126.9622059], [37.47462974, 126.9418547], [37.47474846, 126.9402412], [37.4742728, 126.9604368], [37.46995749, 126.9414749], [37.46889528, 126.9420767], [37.47489669, 126.9589981], [37.46853617, 126.9400508], [37.47404896, 126.9645824], [37.46791457, 126.942415], [37.46230362, 126.9477881], [37.46273998, 126.9480346], [37.4626973, 126.948546], [37.46221454, 126.9485194], [37.45652999, 126.9471459], [37.45471388, 126.948143], [37.46831315, 126.9638012], [37.47081228, 126.9592343], [37.46802993, 126.945548], [37.46832312, 126.9454603], [37.47464617, 126.9637102], [37.47482758, 126.9634234], [37.46921408, 126.9646514], [37.47348909, 126.9641343], [37.47447325, 126.9611728], [37.47404095, 126.9621846], [37.47250207, 126.9404654], [37.47268706, 126.940696], [37.46786242, 126.940353], [37.46353082, 126.948072], [37.47393166, 126.9599771], [37.47322103, 126.9597055], [37.47201433, 126.9596751], [37.46242012, 126.9560942], [37.4694056, 126.9447193], [37.46896435, 126.9442291], [37.460262, 126.953597], [37.47285358, 126.9647366], [37.47157863, 126.9414333], [37.47383236, 126.9422606], [37.4721827, 126.9421192], [37.47348195, 126.960153], [37.46829727, 126.9452017]], "amenities": {"toilets": [[37.4666463, 126.9509791], [37.458961, 126.9494433], [37.458819, 126.9499311], [37.458109, 126.9500287], [37.4578121, 126.950858], [37.4586124, 126.9509393], [37.4594773, 126.9505003], [37.4599807, 126.9511345], [37.4594192, 126.9519638], [37.4590578, 126.952533], [37.4591417, 126.9536551], [37.4603486, 126.952224], [37.4604132, 126.9527769], [37.4598517, 126.9535575], [37.4609166, 126.9531835], [37.4608004, 126.9535575], [37.4607165, 126.9540291], [37.4602066, 126.9539478], [37.4603228, 126.9552325], [37.4601679, 126.9547121], [37.4596258, 126.9547284], [37.4599097, 126.9552813], [37.4600517, 126.9559643], [37.4609876, 126.9548422], [37.4619105, 126.95185], [37.4623236, 126.9521265], [37.462401, 126.9518175], [37.4624526, 126.9510637], [37.4627108, 126.9508092], [37.4635821, 126.9494595], [37.4639306, 126.9490692], [37.4635756, 126.951541], [37.4637047, 126.9510857], [37.4644792, 126.9523053], [37.4664918, 126.9521387], [37.4665285, 126.949629], [37.4584997, 126.9525947], [37.4628745, 126.9474825], [37.4668288, 126.947239]], "bench": [[37.4714521, 126.9529195], [37.4710517, 126.9523823], [37.4561938, 126.9424027], [37.454969, 126.9415464]], "library": [[37.4675466, 126.9448919], [37.4566057, 126.9486381]], "parking": [[37.4595033, 126.9494938], [37.4603656, 126.955561], [37.4602485, 126.9558158], [37.4618599, 126.9506221], [37.4617228, 126.9497945], [37.4581107, 126.9495108], [37.4585535, 126.9492694], [37.461021, 126.9558766], [37.4662067, 126.9495831], [37.4623884, 126.9511584], [37.4636324, 126.9512917], [37.4632792, 126.950085], [37.4629385, 126.9508146], [37.4560511, 126.9503598], [37.4647969, 126.9542463], [37.4626443, 126.9529944]], "charging_station": [[37.4642629, 126.940449]], "shelter": [[37.4602658, 126.9420715]]}, "tactile": [[37.4535019, 126.9521861], [37.4601269, 126.948963], [37.4729277, 126.9529945], [37.4731322, 126.9531152], [37.456998, 126.9492914], [37.4552286, 126.9498427], [37.4571113, 126.9491798], [37.46042, 126.9489124], [37.4653477, 126.9487413], [37.4646685, 126.9488093], [37.4565504, 126.9493826], [37.4676666, 126.9496184], [37.4699417, 126.9521052], [37.46657, 126.9481266], [37.4658072, 126.9484246], [37.4655817, 126.9487524], [37.4659869, 126.9521288], [37.4680687, 126.9510018], [37.4700952, 126.9520534]], "lit_no_nodes": [[37.4612493, 126.9572832], [37.4612832, 126.9573463], [37.4612955, 126.9574379], [37.4613226, 126.9575319], [37.46136, 126.9575979], [37.4652396, 126.953938], [37.4650908, 126.9543333], [37.4648071, 126.9541637], [37.4649559, 126.9537684], [37.4652396, 126.953938]]}